Case ID,Region,Category,Condition,Image ID,Total number of neurons,Neurons with rods,Neurons with more than 1 rod,Neurons with nuclear aggregation (puncta NOT RODS),Nenrons with nuclear membrane pathology,Neurons with punctate cytoplasmic staining,Total glial cells,Number of glia with nuclear TDP-43 pathology,Number of glia with cytoplasmic TDP-43 pathology,Image_ProductScore_Neuronal,Image_ProductScore_Glial,With_Rods,With_Over1_rod,With_NuclearAgg,With_MembPath,With_PunctateCutoplasmicStain,With_NuclearGlialPath,WithCytoplasmicGlialPath,ProductScore_Neuronal,ProductScore_Glial
SD004-16 Discord BA44,BA44,Discordant,Case,3,12,1,1,4,0,3,2,12,0,80,13,1.974358974,0.974358974,2.017094017,1.641025641,1.615384615,0.885964912,0.192982456,156.6581197,2.464912281
SD004-16 Discord BA44,BA44,Discordant,Case,8,11,1,1,1,0,1,10,0,0,16,1,,,,,,,,,
SD004-16 Discord BA44,BA44,Discordant,Case,21,11,1,0,0,0,0,9,1,0,2,2,,,,,,,,,
SD004-16 Discord BA44,BA44,Discordant,Case,50,9,3,2,4,1,0,10,0,0,120,1,,,,,,,,,
SD004-16 Discord BA44,BA44,Discordant,Case,52,13,1,1,1,3,1,12,0,0,64,1,,,,,,,,,
SD004-16 Discord BA44,BA44,Discordant,Case,57,13,5,2,1,3,3,12,2,0,576,3,,,,,,,,,
SD004-16 Discord BA44,BA44,Discordant,Case,70,12,3,1,3,3,0,16,0,0,128,1,,,,,,,,,
SD004-16 Discord BA44,BA44,Discordant,Case,86,12,1,0,0,1,1,13,0,0,8,1,,,,,,,,,
SD004-16 Discord BA44,BA44,Discordant,Case,91,13,0,0,1,1,6,22,2,1,28,6,,,,,,,,,
SD004-16 Discord BA44,BA44,Discordant,Case,100,11,4,2,6,4,0,8,0,0,525,1,,,,,,,,,
SD006-17 Discord BA46,BA46,Discordant,Case,5,10,1,1,0,0,1,11,0,0,8,1,2.724137931,2.120689655,3.310344828,2.689655172,2.198275862,5.515151515,0.128787879,972.8534483,8.189393939
SD006-17 Discord BA46,BA46,Discordant,Case,18,11,3,3,2,2,1,13,4,0,288,5,,,,,,,,,
SD006-17 Discord BA46,BA46,Discordant,Case,54,12,2,1,6,3,2,10,9,0,504,10,,,,,,,,,
SD006-17 Discord BA46,BA46,Discordant,Case,65,13,9,8,4,3,2,14,5,0,5400,6,,,,,,,,,
SD006-17 Discord BA46,BA46,Discordant,Case,66,11,0,0,0,2,2,13,3,0,9,4,,,,,,,,,
SD006-17 Discord BA46,BA46,Discordant,Case,76,10,2,1,4,2,5,12,5,0,540,6,,,,,,,,,
SD006-17 Discord BA46,BA46,Discordant,Case,94,14,1,1,5,3,4,17,12,1,480,26,,,,,,,,,
SD006-17 Discord BA46,BA46,Discordant,Case,99,11,2,1,6,5,2,13,5,0,756,6,,,,,,,,,
SD006-17 Discord BA46,BA46,Discordant,Case,141,10,2,1,2,2,2,13,4,0,162,5,,,,,,,,,
SD006-17 Discord BA46,BA46,Discordant,Case,179,14,4,3,3,4,1,16,6,0,800,7,,,,,,,,,
SD008-13 Discord BA46,BA46,Discordant,Case,16,11,1,1,0,0,4,14,11,0,20,12,2.158730159,1.587301587,2.507936508,1.817460317,2.5,7.007246377,0.688405797,661.6984127,11.64492754
SD008-13 Discord BA46,BA46,Discordant,Case,29,11,0,0,1,2,5,12,8,0,36,9,,,,,,,,,
SD008-13 Discord BA46,BA46,Discordant,Case,79,13,2,1,2,3,3,9,2,0,288,3,,,,,,,,,
SD008-13 Discord BA46,BA46,Discordant,Case,112,14,0,0,0,0,0,12,3,0,1,4,,,,,,,,,
SD008-13 Discord BA46,BA46,Discordant,Case,117,11,1,1,5,2,8,12,7,2,648,24,,,,,,,,,
SD008-13 Discord BA46,BA46,Discordant,Case,143,11,3,3,2,3,2,14,4,0,576,5,,,,,,,,,
SD008-13 Discord BA46,BA46,Discordant,Case,157,15,8,6,7,3,1,13,4,2,4032,15,,,,,,,,,
SD008-13 Discord BA46,BA46,Discordant,Case,158,15,1,0,0,1,2,15,4,2,12,15,,,,,,,,,
SD008-13 Discord BA46,BA46,Discordant,Case,169,11,0,0,5,1,2,15,1,1,36,4,,,,,,,,,
SD008-13 Discord BA46,BA46,Discordant,Case,190,14,4,3,3,3,0,22,18,0,320,19,,,,,,,,,
SD010-15 F BA46,BA46,Control,Control,6,9,0,0,0,0,0,9,0,0,1,1,0,0,0,0,0,0,0,1,1
SD010-15 F BA46,BA46,Control,Control,14,9,0,0,0,0,0,9,0,0,1,1,,,,,,,,,
SD010-15 F BA46,BA46,Control,Control,38,9,0,0,0,0,0,13,0,0,1,1,,,,,,,,,
SD010-15 F BA46,BA46,Control,Control,63,10,0,0,0,0,0,20,0,0,1,1,,,,,,,,,
SD010-15 F BA46,BA46,Control,Control,110,8,0,0,0,0,0,16,0,0,1,1,,,,,,,,,
SD010-15 F BA46,BA46,Control,Control,156,10,0,0,0,0,0,17,0,0,1,1,,,,,,,,,
SD010-15 F BA46,BA46,Control,Control,162,9,0,0,0,0,0,13,0,0,1,1,,,,,,,,,
SD010-15 F BA46,BA46,Control,Control,172,14,0,0,0,0,0,12,0,0,1,1,,,,,,,,,
SD010-15 F BA46,BA46,Control,Control,178,8,0,0,0,0,0,12,0,0,1,1,,,,,,,,,
SD010-15 F BA46,BA46,Control,Control,181,13,0,0,0,0,0,9,0,0,1,1,,,,,,,,,
SD012-13 Discord BA44,BA44,Discordant,Case,10,14,1,0,0,1,0,18,0,0,4,1,1.008474576,0.372881356,1.855932203,0.796610169,0.56779661,1.452229299,0.101910828,120.940678,3.47133758
SD012-13 Discord BA44,BA44,Discordant,Case,32,12,1,0,4,0,1,16,2,0,20,3,,,,,,,,,
SD012-13 Discord BA44,BA44,Discordant,Case,44,11,0,0,0,0,0,13,0,0,1,1,,,,,,,,,
SD012-13 Discord BA44,BA44,Discordant,Case,83,12,1,0,5,1,0,22,0,0,24,1,,,,,,,,,
SD012-13 Discord BA44,BA44,Discordant,Case,129,11,0,0,0,0,1,17,1,0,2,2,,,,,,,,,
SD012-13 Discord BA44,BA44,Discordant,Case,148,13,1,0,0,1,0,11,0,0,4,1,,,,,,,,,
SD012-13 Discord BA44,BA44,Discordant,Case,163,11,3,2,4,3,3,11,2,0,960,3,,,,,,,,,
SD012-13 Discord BA44,BA44,Discordant,Case,175,10,0,0,1,0,0,16,9,1,2,20,,,,,,,,,
SD012-13 Discord BA44,BA44,Discordant,Case,188,11,2,2,4,2,1,20,0,0,270,1,,,,,,,,,
SD012-13 Discord BA44,BA44,Discordant,Case,189,13,1,0,1,0,0,13,1,0,4,2,,,,,,,,,
SD012-17 H BA44,BA44,Control,Control,7,10,1,0,0,0,0,11,0,0,2,1,1.074468085,0.861702128,1.063829787,0.20212766,1.638297872,0.585365854,0,125.7340426,1.585365854
SD012-17 H BA44,BA44,Control,Control,20,9,0,0,0,1,0,10,0,0,2,1,,,,,,,,,
SD012-17 H BA44,BA44,Control,Control,51,10,1,0,0,0,4,12,0,0,10,1,,,,,,,,,
SD012-17 H BA44,BA44,Control,Control,59,9,0,0,3,0,2,10,0,0,12,1,,,,,,,,,
SD012-17 H BA44,BA44,Control,Control,87,10,2,2,2,1,2,12,0,0,162,1,,,,,,,,,
SD012-17 H BA44,BA44,Control,Control,107,13,1,1,1,0,4,14,0,0,40,1,,,,,,,,,
SD012-17 H BA44,BA44,Control,Control,119,9,0,0,0,0,0,13,0,0,1,1,,,,,,,,,
SD012-17 H BA44,BA44,Control,Control,123,8,6,6,5,0,3,12,6,0,1176,7,,,,,,,,,
SD012-17 H BA44,BA44,Control,Control,150,7,0,0,0,0,0,16,0,0,1,1,,,,,,,,,
SD012-17 H BA44,BA44,Control,Control,170,9,0,0,0,0,0,13,0,0,1,1,,,,,,,,,
SD016-15 H BA44,BA44,Control,Control,22,9,0,0,0,0,0,11,0,0,1,1,0,0,0,0,0,0,0,1,1
SD016-15 H BA44,BA44,Control,Control,26,8,0,0,0,0,0,13,0,0,1,1,,,,,,,,,
SD016-15 H BA44,BA44,Control,Control,33,9,0,0,0,0,0,16,0,0,1,1,,,,,,,,,
SD016-15 H BA44,BA44,Control,Control,78,11,0,0,0,0,0,10,0,0,1,1,,,,,,,,,
SD016-15 H BA44,BA44,Control,Control,84,14,0,0,0,0,0,12,0,0,1,1,,,,,,,,,
SD016-15 H BA44,BA44,Control,Control,102,12,0,0,0,0,0,17,0,0,1,1,,,,,,,,,
SD016-15 H BA44,BA44,Control,Control,103,11,0,0,0,0,0,10,0,0,1,1,,,,,,,,,
SD016-15 H BA44,BA44,Control,Control,126,11,0,0,0,0,0,13,0,0,1,1,,,,,,,,,
SD016-15 H BA44,BA44,Control,Control,128,11,0,0,0,0,0,14,0,0,1,1,,,,,,,,,
SD016-15 H BA44,BA44,Control,Control,161,9,0,0,0,0,0,10,0,0,1,1,,,,,,,,,
SD026-12 Concord BA44,BA44,Concordant,Case,72,10,7,5,3,2,3,10,2,0,2304,3,3.438016529,2.446280992,4.198347107,3.256198347,1.727272727,2.780952381,0,1928.520661,3.780952381
SD026-12 Concord BA44,BA44,Concordant,Case,108,12,6,6,2,10,4,12,3,0,8085,4,,,,,,,,,
SD026-12 Concord BA44,BA44,Concordant,Case,125,10,5,3,6,5,5,20,1,0,6048,2,,,,,,,,,
SD026-12 Concord BA44,BA44,Concordant,Case,136,13,1,0,0,0,0,11,3,0,2,4,,,,,,,,,
SD026-12 Concord BA44,BA44,Concordant,Case,144,13,4,2,6,2,2,8,8,0,945,9,,,,,,,,,
SD026-12 Concord BA44,BA44,Concordant,Case,145,9,3,3,8,2,3,8,4,0,1728,5,,,,,,,,,
SD026-12 Concord BA44,BA44,Concordant,Case,154,13,4,3,5,5,1,9,2,0,1440,3,,,,,,,,,
SD026-12 Concord BA44,BA44,Concordant,Case,173,15,1,0,5,2,1,8,7,0,72,8,,,,,,,,,
SD026-12 Concord BA44,BA44,Concordant,Case,182,13,2,2,3,2,0,6,0,0,108,1,,,,,,,,,
SD026-12 Concord BA44,BA44,Concordant,Case,183,13,3,2,5,3,0,13,1,0,288,2,,,,,,,,,
SD028-12 Concord BA46,BA46,Concordant,Case,1,13,5,5,7,10,4,14,13,2,15840,42,4.126984127,2.746031746,3.555555556,4.428571429,2.333333333,7.032,0.384,4355.873016,12.928
SD028-12 Concord BA46,BA46,Concordant,Case,11,14,3,3,0,3,1,16,0,0,128,1,,,,,,,,,
SD028-12 Concord BA46,BA46,Concordant,Case,30,8,5,3,2,5,7,20,20,0,3456,21,,,,,,,,,
SD028-12 Concord BA46,BA46,Concordant,Case,34,14,5,4,2,5,4,7,7,0,2700,8,,,,,,,,,
SD028-12 Concord BA46,BA46,Concordant,Case,58,14,1,1,1,3,0,16,0,0,32,1,,,,,,,,,
SD028-12 Concord BA46,BA46,Concordant,Case,60,12,2,1,2,1,2,14,8,0,108,9,,,,,,,,,
SD028-12 Concord BA46,BA46,Concordant,Case,68,10,1,0,1,2,0,10,0,0,12,1,,,,,,,,,
SD028-12 Concord BA46,BA46,Concordant,Case,113,10,2,2,5,6,1,10,2,0,756,3,,,,,,,,,
SD028-12 Concord BA46,BA46,Concordant,Case,131,11,5,3,5,2,2,10,10,2,1296,33,,,,,,,,,
SD028-12 Concord BA46,BA46,Concordant,Case,186,20,9,4,8,6,3,8,2,0,12600,3,,,,,,,,,
SD032-12 Concord BA44,BA44,Concordant,Case,35,13,0,0,2,2,5,12,8,1,54,18,1.490566038,1.29245283,2.264150943,1.783018868,2.075471698,5.251851852,0.37037037,515.2169811,11.83703704
SD032-12 Concord BA44,BA44,Concordant,Case,42,8,1,1,2,0,2,11,7,0,36,8,,,,,,,,,
SD032-12 Concord BA44,BA44,Concordant,Case,95,11,0,0,0,0,0,15,0,0,1,1,,,,,,,,,
SD032-12 Concord BA44,BA44,Concordant,Case,97,9,3,3,4,2,1,10,2,0,480,3,,,,,,,,,
SD032-12 Concord BA44,BA44,Concordant,Case,101,11,3,2,2,1,0,15,3,0,72,4,,,,,,,,,
SD032-12 Concord BA44,BA44,Concordant,Case,121,12,2,2,4,3,7,19,16,2,1440,51,,,,,,,,,
SD032-12 Concord BA44,BA44,Concordant,Case,139,12,3,3,6,4,3,13,11,0,2240,12,,,,,,,,,
SD032-12 Concord BA44,BA44,Concordant,Case,149,10,3,2,2,5,1,12,2,0,432,3,,,,,,,,,
SD032-12 Concord BA44,BA44,Concordant,Case,160,10,0,0,0,0,0,13,0,0,1,1,,,,,,,,,
SD032-12 Concord BA44,BA44,Concordant,Case,167,10,0,0,0,0,0,15,0,0,1,1,,,,,,,,,
SD032-12 Concord BA46,BA46,Concordant,Case,2,13,1,1,5,2,0,16,12,0,72,13,2.6796875,2.28125,4.3671875,2.7265625,2.703125,5.605633803,0.316901408,3775.140625,10.4084507
SD032-12 Concord BA46,BA46,Concordant,Case,9,11,3,2,0,1,1,10,0,0,48,1,,,,,,,,,
SD032-12 Concord BA46,BA46,Concordant,Case,15,10,1,1,6,1,1,13,9,0,112,10,,,,,,,,,
SD032-12 Concord BA46,BA46,Concordant,Case,27,14,0,0,0,0,1,14,0,0,2,1,,,,,,,,,
SD032-12 Concord BA46,BA46,Concordant,Case,45,13,0,0,0,1,2,13,0,0,6,1,,,,,,,,,
SD032-12 Concord BA46,BA46,Concordant,Case,90,12,3,2,4,4,4,11,2,0,1500,3,,,,,,,,,
SD032-12 Concord BA46,BA46,Concordant,Case,109,13,4,4,7,4,5,15,6,0,6000,7,,,,,,,,,
SD032-12 Concord BA46,BA46,Concordant,Case,135,14,7,7,8,4,2,15,12,2,8640,39,,,,,,,,,
SD032-12 Concord BA46,BA46,Concordant,Case,152,15,5,4,7,8,7,15,9,1,17280,20,,,,,,,,,
SD032-12 Concord BA46,BA46,Concordant,Case,177,13,2,1,6,1,3,20,3,0,336,4,,,,,,,,,
SD032-16 Control BA44,BA44,Control,Control,4,14,1,0,0,0,1,9,3,0,4,4,2,1.672413793,1.853448276,1.724137931,1.818965517,2.701149425,0.08045977,680.7241379,4.264367816
SD032-16 Control BA44,BA44,Control,Control,17,9,0,0,0,0,0,5,0,0,1,1,,,,,,,,,
SD032-16 Control BA44,BA44,Control,Control,31,12,0,0,2,0,1,10,4,0,6,5,,,,,,,,,
SD032-16 Control BA44,BA44,Control,Control,43,10,0,0,0,2,0,12,0,0,3,1,,,,,,,,,
SD032-16 Control BA44,BA44,Control,Control,67,14,4,3,0,3,1,12,3,0,160,4,,,,,,,,,
SD032-16 Control BA44,BA44,Control,Control,98,13,0,0,0,0,0,8,0,0,1,1,,,,,,,,,
SD032-16 Control BA44,BA44,Control,Control,111,9,3,3,4,5,3,10,9,0,1920,10,,,,,,,,,
SD032-16 Control BA44,BA44,Control,Control,146,10,4,3,1,4,2,13,0,0,600,1,,,,,,,,,
SD032-16 Control BA44,BA44,Control,Control,174,11,1,1,3,1,10,1,0,0,352,1,,,,,,,,,
SD032-16 Control BA44,BA44,Control,Control,180,14,6,6,8,3,1,7,6,1,3528,14,,,,,,,,,
SD033-15 Discord BA44,BA44,Discordant,Case,62,12,2,0,4,0,0,12,3,0,15,4,3.357723577,1.829268293,3.260162602,2.211382114,0.495934959,10.58783784,0.459459459,450.8292683,18.11486486
SD033-15 Discord BA44,BA44,Discordant,Case,89,14,3,2,2,4,0,19,3,0,180,4,,,,,,,,,
SD033-15 Discord BA44,BA44,Discordant,Case,104,11,2,1,5,4,0,14,5,1,180,12,,,,,,,,,
SD033-15 Discord BA44,BA44,Discordant,Case,106,11,5,3,6,3,1,18,16,2,1344,51,,,,,,,,,
SD033-15 Discord BA44,BA44,Discordant,Case,127,14,6,3,5,3,1,11,11,0,1344,12,,,,,,,,,
SD033-15 Discord BA44,BA44,Discordant,Case,133,12,3,3,5,4,1,13,11,0,960,12,,,,,,,,,
SD033-15 Discord BA44,BA44,Discordant,Case,153,12,0,0,0,0,0,8,5,0,1,6,,,,,,,,,
SD033-15 Discord BA44,BA44,Discordant,Case,164,12,2,1,2,2,1,18,14,1,108,30,,,,,,,,,
SD033-15 Discord BA44,BA44,Discordant,Case,165,12,4,2,2,1,1,21,18,0,180,19,,,,,,,,,
SD033-15 Discord BA44,BA44,Discordant,Case,166,13,6,3,2,1,0,14,13,0,168,14,,,,,,,,,
SD033-15 Discord BA46,BA46,Discordant,Case,24,14,3,3,5,1,5,18,16,0,1152,17,4.224137931,2.577586207,4.232758621,2.818965517,2.431034483,13.11363636,0.301136364,1168.913793,19.23295455
SD033-15 Discord BA46,BA46,Discordant,Case,56,11,3,2,1,4,2,18,7,0,360,8,,,,,,,,,
SD033-15 Discord BA46,BA46,Discordant,Case,75,10,2,2,3,3,2,20,18,0,432,19,,,,,,,,,
SD033-15 Discord BA46,BA46,Discordant,Case,88,13,4,2,7,5,4,16,14,0,3600,15,,,,,,,,,
SD033-15 Discord BA46,BA46,Discordant,Case,116,9,4,3,7,0,1,16,2,0,320,3,,,,,,,,,
SD033-15 Discord BA46,BA46,Discordant,Case,132,10,3,2,2,3,4,19,13,0,720,14,,,,,,,,,
SD033-15 Discord BA46,BA46,Discordant,Case,171,11,4,2,4,4,5,17,17,0,2250,18,,,,,,,,,
SD033-15 Discord BA46,BA46,Discordant,Case,184,14,4,3,6,2,1,21,16,1,840,34,,,,,,,,,
SD033-15 Discord BA46,BA46,Discordant,Case,185,15,10,4,4,3,0,16,16,2,1100,51,,,,,,,,,
SD033-15 Discord BA46,BA46,Discordant,Case,187,9,3,2,2,3,0,15,10,0,144,11,,,,,,,,,
SD035-14 F BA46,BA46,Control,Control,19,9,0,0,0,0,0,17,0,0,1,1,0,0,0,0,0,0,0,1,1
SD035-14 F BA46,BA46,Control,Control,23,11,0,0,0,0,0,18,0,0,1,1,,,,,,,,,
SD035-14 F BA46,BA46,Control,Control,25,9,0,0,0,0,0,25,0,0,1,1,,,,,,,,,
SD035-14 F BA46,BA46,Control,Control,37,12,0,0,0,0,0,16,0,0,1,1,,,,,,,,,
SD035-14 F BA46,BA46,Control,Control,80,10,0,0,0,0,0,16,0,0,1,1,,,,,,,,,
SD035-14 F BA46,BA46,Control,Control,82,13,0,0,0,0,0,16,0,0,1,1,,,,,,,,,
SD035-14 F BA46,BA46,Control,Control,92,11,0,0,0,0,0,14,0,0,1,1,,,,,,,,,
SD035-14 F BA46,BA46,Control,Control,105,10,0,0,0,0,0,18,0,0,1,1,,,,,,,,,
SD035-14 F BA46,BA46,Control,Control,122,11,0,0,0,0,0,15,0,0,1,1,,,,,,,,,
SD035-14 F BA46,BA46,Control,Control,142,10,0,0,0,0,0,15,0,0,1,1,,,,,,,,,
SD035-14 G BA44,BA44,Control,Control,28,9,1,1,0,0,0,17,0,0,4,1,0.085714286,0.085714286,0,0.095238095,0,0,0,1.352380952,1
SD035-14 G BA44,BA44,Control,Control,40,10,0,0,0,1,0,16,0,0,2,1,,,,,,,,,
SD035-14 G BA44,BA44,Control,Control,55,12,0,0,0,0,0,21,0,0,1,1,,,,,,,,,
SD035-14 G BA44,BA44,Control,Control,77,10,0,0,0,0,0,14,0,0,1,1,,,,,,,,,
SD035-14 G BA44,BA44,Control,Control,85,12,0,0,0,0,0,16,0,0,1,1,,,,,,,,,
SD035-14 G BA44,BA44,Control,Control,93,11,0,0,0,0,0,18,0,0,1,1,,,,,,,,,
SD035-14 G BA44,BA44,Control,Control,120,12,0,0,0,0,0,15,0,0,1,1,,,,,,,,,
SD035-14 G BA44,BA44,Control,Control,130,12,0,0,0,0,0,16,0,0,1,1,,,,,,,,,
SD035-14 G BA44,BA44,Control,Control,140,9,0,0,0,0,0,22,0,0,1,1,,,,,,,,,
SD035-14 G BA44,BA44,Control,Control,147,8,0,0,0,0,0,19,0,0,1,1,,,,,,,,,
SD047-13 Concord BA46,BA46,Concordant,Case,12,12,5,5,3,2,6,16,15,0,3024,16,2.711538462,2.086538462,2.009615385,2,1.836538462,3.801587302,0.531746032,2275.211538,9.23015873
SD047-13 Concord BA46,BA46,Concordant,Case,48,8,0,0,0,1,0,13,0,0,2,1,,,,,,,,,
SD047-13 Concord BA46,BA46,Concordant,Case,49,8,1,0,0,0,0,14,0,0,2,1,,,,,,,,,
SD047-13 Concord BA46,BA46,Concordant,Case,73,11,7,3,2,3,4,14,9,3,1920,40,,,,,,,,,
SD047-13 Concord BA46,BA46,Concordant,Case,81,12,0,0,0,0,1,12,0,0,2,1,,,,,,,,,
SD047-13 Concord BA46,BA46,Concordant,Case,96,11,2,2,2,3,1,13,5,1,216,12,,,,,,,,,
SD047-13 Concord BA46,BA46,Concordant,Case,115,10,1,1,1,1,0,9,0,0,16,1,,,,,,,,,
SD047-13 Concord BA46,BA46,Concordant,Case,118,13,7,6,7,5,4,12,4,1,13440,10,,,,,,,,,
SD047-13 Concord BA46,BA46,Concordant,Case,138,12,0,0,0,0,0,14,0,0,1,1,,,,,,,,,
SD047-13 Concord BA46,BA46,Concordant,Case,151,7,2,2,4,5,0,9,0,0,270,1,,,,,,,,,
SD049-15 Concord BA44,BA44,Concordant,Case,36,10,0,0,5,0,8,14,11,0,54,12,2.422413793,1.327586207,4.405172414,1.767241379,3.474137931,6.79389313,0.152671756,1434.741379,9.473282443
SD049-15 Concord BA44,BA44,Concordant,Case,41,10,2,0,0,1,2,10,10,2,18,33,,,,,,,,,
SD049-15 Concord BA44,BA44,Concordant,Case,46,10,2,1,5,1,2,9,2,0,216,3,,,,,,,,,
SD049-15 Concord BA44,BA44,Concordant,Case,47,14,1,0,7,0,2,16,15,0,48,16,,,,,,,,,
SD049-15 Concord BA44,BA44,Concordant,Case,53,13,3,2,7,6,5,20,6,0,4032,7,,,,,,,,,
SD049-15 Concord BA44,BA44,Concordant,Case,64,9,3,2,4,0,1,15,4,0,120,5,,,,,,,,,
SD049-15 Concord BA44,BA44,Concordant,Case,69,12,3,0,3,1,1,14,0,0,64,1,,,,,,,,,
SD049-15 Concord BA44,BA44,Concordant,Case,71,14,1,0,0,1,6,15,2,0,28,3,,,,,,,,,
SD049-15 Concord BA44,BA44,Concordant,Case,74,11,3,2,3,5,3,12,12,0,1152,13,,,,,,,,,
SD049-15 Concord BA44,BA44,Concordant,Case,124,13,6,6,9,2,4,6,4,0,7350,5,,,,,,,,,
SD12-17 F BA46,BA46,Control,Control,13,10,0,0,0,0,0,13,0,0,1,1,0.24742268,0,0,0,0.402061856,0,0,1.649484536,1
SD12-17 F BA46,BA46,Control,Control,39,12,2,0,0,0,0,16,0,0,3,1,,,,,,,,,
SD12-17 F BA46,BA46,Control,Control,61,9,0,0,0,0,1,16,0,0,2,1,,,,,,,,,
SD12-17 F BA46,BA46,Control,Control,114,10,0,0,0,0,0,12,0,0,1,1,,,,,,,,,
SD12-17 F BA46,BA46,Control,Control,134,9,0,0,0,0,0,13,0,0,1,1,,,,,,,,,
SD12-17 F BA46,BA46,Control,Control,137,8,0,0,0,0,1,15,0,0,2,1,,,,,,,,,
SD12-17 F BA46,BA46,Control,Control,155,8,0,0,0,0,0,18,0,0,1,1,,,,,,,,,
SD12-17 F BA46,BA46,Control,Control,159,10,0,0,0,0,0,22,0,0,1,1,,,,,,,,,
SD12-17 F BA46,BA46,Control,Control,168,11,0,0,0,0,2,16,0,0,3,1,,,,,,,,,
SD12-17 F BA46,BA46,Control,Control,176,10,0,0,0,0,0,14,0,0,1,1,,,,,,,,,
